DROP TABLE CANDIDATOXCARGO_PUBLICO;
DROP TABLE CARGOPUBLICO;
DROP TABLE PROFESIONXCANDIDATO;
DROP TABLE PROFESION;
DROP TABLE CANDIDATO;
DROP TABLE PARTIDO;
DROP TABLE CIUDAD;
CREATE TABLE CIUDAD(
    CODIGO_CIUDAD NUMERIC(10,0),
    NOMBRE VARCHAR2(20) NOT NULL,
    PRIMARY KEY(CODIGO_CIUDAD)
);
CREATE TABLE PARTIDO(
    CODIGO_PARTIDO NUMERIC(10,0),
    NOMBRE_PARTIDO VARCHAR2(50) NOT NULL,
    FECHA_FUNDACION DATE,
    ESLOGAN VARCHAR2(80),
    PRIMARY KEY(CODIGO_PARTIDO)
);
CREATE TABLE CANDIDATO( 
    CODIGO_CANDIDATO NUMERIC(10,0),
    NOMBRES VARCHAR2(20) NOT NULL,
    APELLIDOS VARCHAR2(20) NOT NULL,
    FECHA_NACIMIENTO DATE NOT NULL,
    GENERO CHAR(1) NOT NULL,
    CODIGO_CIUDAD NUMERIC(10,1) NOT NULL,
    CODIGO_PARTIDO NUMERIC(10,1) NOT NULL,
    PRIMARY KEY(CODIGO_CANDIDATO),
    FOREIGN KEY (CODIGO_CIUDAD) REFERENCES CIUDAD,
    FOREIGN KEY (CODIGO_PARTIDO) REFERENCES PARTIDO
);
CREATE TABLE PROFESION(
    CODIGO_PROFESION NUMERIC(10,0),
    DESCRIPCION VARCHAR2(20) NOT NULL,
    PRIMARY KEY(CODIGO_PROFESION)
);
CREATE TABLE PROFESIONXCANDIDATO(
    CODIGO_CANDIDATO NUMERIC(10,0),
    CODIGO_PROFESION NUMERIC(10,0),
    FOREIGN KEY (CODIGO_CANDIDATO) REFERENCES CANDIDATO,
    FOREIGN KEY (CODIGO_PROFESION) REFERENCES PROFESION
);
CREATE TABLE CARGOPUBLICO(
    CODIGO_CARGO_PUBLICO NUMERIC(10,0),
    DESCRIPCION VARCHAR2(20),
    PRIMARY KEY (CODIGO_CARGO_PUBLICO)
);
CREATE TABLE CANDIDATOXCARGO_PUBLICO(
    CODIGO_CANDIDATO NUMERIC(10,0),
    CODIGO_CARGO_PUBLICO NUMERIC(10,0),
    FECHA_DESDE DATE,
    FECHA_HASTA DATE,
    FOREIGN KEY(CODIGO_CANDIDATO) REFERENCES CANDIDATO,
    FOREIGN KEY(CODIGO_CARGO_PUBLICO) REFERENCES CARGOPUBLICO
);

PROMPT INSERTANDO CIUDADES
INSERT INTO CIUDAD VALUES (63001,'ARMENIA');
INSERT INTO CIUDAD VALUES (110111, 'BOGOTÁ');
INSERT INTO CIUDAD VALUES (520001, 'SAN JUAN DE PASTO');
INSERT INTO CIUDAD VALUES (15469, 'MONIQUIRÁ');
INSERT INTO CIUDAD VALUES (661020,'SANTA ROSA DE CABAL');
INSERT INTO CIUDAD VALUES (050001, 'MEDELLÍN');

PROMPT INSERTANDO PARTIDOS
INSERT INTO PARTIDO VALUES (1001,'COLOMBIA JUSTA LIBRES',(TO_DATE('01/01/2017','DD/MM/YYYY')),'HAGAMOSLO JUNTOS');
INSERT INTO PARTIDO VALUES (0000,'SIN DEFINIR',(TO_DATE('01/01/2090','DD/MM/YYYY')),'_');
INSERT INTO PARTIDO VALUES (1002,'CENTRO DEMOCRATICO',(TO_DATE('15/07/2014','DD/MM/YYYY')),'MANO FIRME, CORAZON GRANDE');
INSERT INTO PARTIDO VALUES (1003,'EN MARCHA',(TO_DATE('01/10/2018','DD/MM/YYYY')),'EL PARTIDO LIBERAL REPRESENTA EL PASADO; EL MOVIMIENTO EN MARCHA, REPRESENTA EL FUTURO');
INSERT INTO PARTIDO VALUES (1004,'ACTIVISTA',(TO_DATE('26/01/2019','DD/MM/YYYY')),'EL MOMENTO DE UN CAMBIO CULTURAL Y POLÍTICO, ¡ES AHORA!');
INSERT INTO PARTIDO VALUES (1005,'POLO DEMOCRATICO ALTERNATIVO',(TO_DATE('01/12/2005','DD/MM/YYYY')),'¡LE TOCA A COLOMBIA!');
INSERT INTO PARTIDO VALUES (1006,'MOVIMIENTO ALTERNATIVO INDIGENA Y SOCIAL',(TO_DATE('25/09/2013','DD/MM/YYYY')),'COMPROMISO DE PAÍS');
INSERT INTO PARTIDO VALUES (1007,'ALIANZA VERDE',(TO_DATE('02/10/2009','DD/MM/YYYY')),'¡ES CON ACCIONES1!¡SE PUEDE!');
INSERT INTO PARTIDO VALUES (1008, 'VOY POR TI BOGOTÁ', NULL, NULL);
INSERT INTO PARTIDO VALUES (1009, 'COLOMBIA HUMANA', (TO_DATE('30/10/2011', 'DD/MM/YYYY')), 'POR UNA COLOMBIA HUMANA Y EN PAZ');
INSERT INTO PARTIDO VALUES (1010, 'AVANCEMOS', NULL, NULL);

PROMPT INSERTANDO CANDIDATOS
INSERT INTO CANDIDATO VALUES (100, 'RICARDO', 'ARIAS MORA', (TO_DATE('05/07/1958', 'DD/MM/YYYY')), 'M', 63001, 1001);
INSERT INTO CANDIDATO VALUES (101, 'CARLOS FERNANDO', 'GALAN PACHÓN', (TO_DATE('04/06/1977', 'DD/MM/YYYY')), 'M', 110111, 0000);
INSERT INTO CANDIDATO VALUES (102, 'ANGELA SOFÍA', 'GARZÓN CAICEDO', (TO_DATE('28/05/1977', 'DD/MM/YYYY')), 'F', 110111, 1002);
INSERT INTO CANDIDATO VALUES (103, 'LUIS EDUARDO', 'GARZÓN', (TO_DATE('15/02/1951', 'DD/MM/YYYY')), 'M', 1101111, 1003);
INSERT INTO CANDIDATO VALUES (104, 'LUIS ERNESTO' , 'GOMEZ LONDOÑO', (TO_DATE('01/01/1981', 'DD/MM/YYYY')), 'M', 050001, 1004);
INSERT INTO CANDIDATO VALUES (105, 'SAMUEL ALEJANDRO', 'HOYOS MEJÍA', (TO_DATE('30/05/1984', 'DD/MM/YYYY')), 'M', 110111, 1002);
INSERT INTO CANDIDATO VALUES (106, 'DIEGO ANDRÉS', 'MOLANO APONTE', (TO_DATE('29/06/1970', 'DD/MM/YYYY')), 'M', 110111, 1002);
INSERT INTO CANDIDATO VALUES (107, 'CLAUDIA NAYIBE', 'LÓPEZ HERNÁNDEZ', (TO_DATE('09/03/1970', 'DD/MM/YYYY')), 'F', 110111, 1007);
INSERT INTO CANDIDATO VALUES (108, 'HOLLMAN FELIPE', 'MORRIS RINCÓN', (TO_DATE('17/08/1968', 'DD/MM/YYYY')), 'M', 110111, 1006);
INSERT INTO CANDIDATO VALUES (109, 'ANTONIO JOSÉ', 'NAVARRO WOLFF', (TO_DATE('09/07/1948', 'DD/MM/YYYY')), 'M', 520001, 1007);
INSERT INTO CANDIDATO VALUES (110, 'MARIA ANDREA', 'NIETO', (TO_DATE('01/01/1976', 'DD/MM/YYYY')), 'F', 110111, 1008);
INSERT INTO CANDIDATO VALUES (111, 'SEGUNDO CELIO', 'NIEVES HERRERA', (TO_DATE('06/09/1955', 'DD/MM/YYYY')), 'M', 15469, 1005);
INSERT INTO CANDIDATO VALUES (112, 'JORGE ENRIQUE', 'ROJAS RODRÍGUEZ', (TO_DATE('19/08/1959', 'DD/MM/YYYY')), 'M', 661020, 1009);
INSERT INTO CANDIDATO VALUES (113, 'MIGUEL', 'URIBE TURBAY', (TO_DATE('28/01/1986', 'DD/MM/YYYY')), 'M', 110111, 1010);

